
PersonID,PersonName,PersonEmail,PersonContact,PersonAddress,PersonDOB,PersonGender,PersonType
PID0492,Camella Feathers,cfeathersw@flavors.me,256-956-2299,18170 Kings Drive,1980-08-14,Female    ,Customer
PID0600,Abbot Isack,aisack14@tiny.cc,965-811-8797,93307 Dunning Center,1976-01-02,Male      ,Customer
PID0625,Laverna Lafee,llafee4@smugmug.com,950-564-7738,1476 Sunbrook Junction,1978-02-22,Female    ,Customer
PID1225,Salvatore Klezmski,sklezmski8@buzzfeed.com,740-976-4037,1517 Dwight Street,1997-01-02,Male      ,Employee
PID1260,Flore Warbeys,fwarbeysp@booking.com,544-810-1514,1 Holmberg Plaza,1975-02-04,Female    ,Employee
PID1878,Alexandrina Rain,arain2@fotki.com,104-510-7310,3871 Kennedy Pass,1972-11-18,Female    ,Customer
PID1958,Delano Heindrich,dheindrichk@fema.gov,312-535-0917,36860 Bonner Drive,1975-02-12,Male      ,Customer
PID1983,Tally Bampkin,tbampkin18@mapy.cz,602-453-1875,2693 Johnson Place,1990-12-26,Male      ,Employee
PID2477,Hilliard Beaufoy,hbeaufoyb@oaic.gov.au,499-181-6918,7 Hermina Terrace,1988-10-27,Male      ,Employee
PID2535,Arlinda Turpin,aturpin12@newsvine.com,694-669-0524,84057 Golden Leaf Trail,1980-10-17,Female    ,Employee
PID2585,Evey Bernlin,ebernlin5@wisc.edu,600-671-3618,0846 Huxley Pass,1976-04-29,Female    ,Customer
PID2707,Katharine Roeby,kroebym@sohu.com,960-320-2088,8987 Reinke Center,1979-01-09,Female    ,Employee
PID2930,Jeanelle Wilbore,jwilbore16@weebly.com,570-741-2355,74299 Mockingbird Place,1978-11-06,Female    ,Customer
PID3485,Redford Mattessen,rmattessend@miitbeian.gov.cn,202-770-4198,9 Sunnyside Pass,1971-05-29,Male      ,Employee
PID3583,Ethyl Hyams,ehyamsf@samsung.com,482-242-4944,17590 Kensington Parkway,1978-04-27,Female    ,Customer
PID3854,Lindi Amner,lamner11@dedecms.com,354-862-9823,386 Little Fleur Road,1991-02-25,Female    ,Employee
PID3960,Cindi Bullene,cbullenei@yandex.ru,258-898-8503,93799 Pawling Crossing,1973-04-24,Female    ,Employee
PID4595,Letitia Staziker,lstaziker17@baidu.com,808-581-4877,668 Bayside Place,2001-05-13,Female    ,Customer
PID4644,Jocelyne McGonigle,jmcgoniglev@google.com,366-193-6145,2 Grasskamp Alley,1978-06-23,Female    ,Employee
PID4858,Daile Dallman,ddallman13@mapy.cz,646-788-8793,146 Carpenter Junction,1975-11-27,Female    ,Employee
PID5526,Bronnie Cattlemull,bcattlemull1b@cdc.gov,556-179-0050,74853 Novick Plaza,1990-04-24,Male      ,Employee
PID5601,Alica Maggi,amaggi19@miibeian.gov.cn,647-563-8551,42637 Comanche Circle,1999-04-27,Female    ,Customer
PID5608,Mickie Culbard,mculbardy@unc.edu,266-608-3225,40 Ridgeview Road,2003-01-01,Male      ,Employee
PID5619,Anthiathia Yong,ayong7@artisteer.com,970-758-9124,9088 Dwight Crossing,1975-08-03,Female    ,Employee
PID5621,Nickolaus Firpi,nfirpiu@gravatar.com,735-488-3382,286 Reinke Road,1991-03-28,Male      ,Customer
PID5932,Genevieve Denman,gdenmanz@apache.org,286-287-6778,1 Loftsgordon Place,1989-09-14,Female    ,Customer
PID6276,Kath Marguerite,kmarguerite1d@harvard.edu,876-812-0064,84054 Hallows Center,1971-08-28,Female    ,Employee
PID6844,Korie Mebius,kmebiusc@vkontakte.ru,761-360-3674,275 Eagan Lane,1972-08-29,Female    ,Employee
PID6955,Neddie Huthart,nhuthart15@gravatar.com,254-284-0673,3 Main Street,1978-02-25,Male      ,Employee
PID7054,Corrie Wathen,cwathenj@adobe.com,254-895-5420,42012 Carey Avenue,1974-06-17,Female    ,Employee
PID7149,Anthe Tift,atiftn@youtube.com,912-110-1921,3179 Blaine Parkway,2001-07-17,Female    ,Customer
PID7182,Joyan Coughtrey,jcoughtreyh@umich.edu,403-404-2946,613 Claremont Point,1976-07-21,Female    ,Customer
PID7208,Chrissy Basketfield,cbasketfielde@huffingtonpost.c,606-157-1278,16 Straubel Circle,1971-12-26,Female    ,Customer
PID7363,Hayley Matieu,hmatieua@blinklist.com,978-844-9557,3246 Carioca Pass,1991-10-30,Female    ,Employee
PID7423,Tomlin Danjoie,tdanjoieo@bloglovin.com,492-201-0673,8 Bunting Road,1984-09-29,Male      ,Customer
PID7470,Amabel Kopec,akopecg@so-net.ne.jp,317-628-0774,055 Meadow Ridge Crossing,2001-04-19,Female    ,Employee
PID7549,Devy Arkow,darkow6@cornell.edu,638-618-2316,890 Charing Cross Point,1993-02-13,Male      ,Employee
PID7618,Christie Petrasch,cpetrasch1@people.com.cn,419-467-9474,37 Golf View Court,1987-07-06,Male      ,Employee
PID7814,Buddy Wanderschek,bwanderschek9@disqus.com,971-145-6699,030 Tennyson Terrace,1974-09-11,Male      ,Employee
PID7923,Clementius Janes,cjanesx@plala.or.jp,103-239-4039,3664 Melrose Center,1986-09-07,Male      ,Customer
PID8164,Bucky Lapthorn,blapthorns@boston.com,143-631-8727,0 Loftsgordon Parkway,1998-08-31,Male      ,Customer
PID8262,Peg Skahill,pskahill1c@uiuc.edu,734-150-4892,2770 Rockefeller Plaza,1984-12-04,Female    ,Customer
PID8353,Bunny Thirwell,bthirwell0@seesaa.net,770-878-5501,54718 Coolidge Drive,2000-05-08,Female    ,Customer
PID8364,Doreen Yuranovev,dyuranovevl@eepurl.com,582-757-4027,04 Graceland Lane,1991-04-16,Female    ,Employee
PID8583,Noelani Rex,nrexr@dropbox.com,382-718-7745,00 Summit Court,2001-02-09,Female    ,Customer
PID8785,Andreas Robotham,arobotham3@goo.ne.jp,284-953-4776,2 Sycamore Junction,1989-03-17,Male      ,Customer
PID9148,Jessee Seiller,jseillert@skyrock.com,553-903-3301,7739 Cody Place,1975-06-13,Male      ,Customer
PID9421,Susie Sallarie,ssallarie10@ucla.edu,161-346-2085,7200 Little Fleur Park,1984-10-25,Female    ,Employee
PID9901,Gale Wisam,gwisamq@tinyurl.com,396-140-5607,155 Schmedeman Way,1979-05-03,Female    ,Employee
PID9941,Babb Barde,bbarde1a@ca.gov,992-465-8033,1489 Ridgeview Street,1982-01-31,Female    ,Employee
